{"cameraMode":{"drawMode":0,"name":"Shaded","section":"Shading Mode"},"sceneLighting":true,"audioPlay":false,"sceneViewState":{"showFog":true,"showMaterialUpdate":false,"showSkybox":true,"showFlares":true,"showImageEffects":true,"showParticleSystems":true},"in2DMode":false,"pivot":{"x":0.07325252145528794,"y":-1.44123375415802,"z":0.5714819431304932},"rotation":{"x":0.2429303079843521,"y":-0.7216497659683228,"z":0.3070719540119171,"w":0.5708949565887451},"size":373.2032470703125,"orthographic":false}