{"cameraMode":{"drawMode":0,"name":"Shaded","section":"Shading Mode"},"sceneLighting":false,"audioPlay":false,"sceneViewState":{"showFog":true,"showMaterialUpdate":false,"showSkybox":false,"showFlares":true,"showImageEffects":true,"showParticleSystems":true},"in2DMode":false,"pivot":{"x":5.960464477539063e-8,"y":2.0721631050109865,"z":0.025040149688720704},"rotation":{"x":-0.014656484127044678,"y":-0.9127435088157654,"z":-0.032872848212718967,"w":0.4069472849369049},"size":4.738521575927734,"orthographic":true}