{"cameraMode":{"drawMode":0,"name":"Shaded","section":"Shading Mode"},"sceneLighting":false,"audioPlay":false,"sceneViewState":{"showFog":true,"showMaterialUpdate":false,"showSkybox":false,"showFlares":true,"showImageEffects":true,"showParticleSystems":true},"in2DMode":false,"pivot":{"x":0.0000010728836059570313,"y":3.1670944690704347,"z":0.0000011920928955078126},"rotation":{"x":0.056941937655210498,"y":-0.030842993408441545,"z":0.001759965787641704,"w":0.9978994727134705},"size":11.552075386047364,"orthographic":true}