{"cameraMode":{"drawMode":0,"name":"Shaded","section":"Shading Mode"},"sceneLighting":false,"audioPlay":false,"sceneViewState":{"showFog":true,"showMaterialUpdate":false,"showSkybox":false,"showFlares":true,"showImageEffects":true,"showParticleSystems":true},"in2DMode":false,"pivot":{"x":0.37588968873023989,"y":3.2129101753234865,"z":0.657911479473114},"rotation":{"x":0.5205268859863281,"y":-0.4791402816772461,"z":0.5124781131744385,"w":0.48667460680007937},"size":7.854638576507568,"orthographic":true}