{"cameraMode":{"drawMode":0,"name":"Shaded","section":"Shading Mode"},"sceneLighting":false,"audioPlay":false,"sceneViewState":{"showFog":true,"showMaterialUpdate":false,"showSkybox":false,"showFlares":true,"showImageEffects":true,"showParticleSystems":true},"in2DMode":false,"pivot":{"x":0.9449999928474426,"y":0.4740000069141388,"z":-1.0820000171661378},"rotation":{"x":-0.0019972336012870075,"y":-0.9945525527000427,"z":0.019396211951971055,"w":-0.10240267962217331},"size":22.0,"orthographic":true}