{"cameraMode":{"drawMode":0,"name":"Shaded","section":"Shading Mode"},"sceneLighting":false,"audioPlay":false,"sceneViewState":{"showFog":true,"showMaterialUpdate":false,"showSkybox":false,"showFlares":true,"showImageEffects":true,"showParticleSystems":true},"in2DMode":false,"pivot":{"x":0.0,"y":1.1629999876022339,"z":3.1132760047912599},"rotation":{"x":-0.0031741284765303137,"y":-0.7092223167419434,"z":-0.0031898771412670614,"w":0.7049790620803833},"size":4.390770435333252,"orthographic":true}