{"cameraMode":{"drawMode":0,"name":"Shaded","section":"Shading Mode"},"sceneLighting":true,"audioPlay":false,"sceneViewState":{"showFog":true,"showMaterialUpdate":false,"showSkybox":true,"showFlares":true,"showImageEffects":true,"showParticleSystems":true},"in2DMode":false,"pivot":{"x":0.0067234039306640629,"y":1.8121309280395508,"z":-30.19074249267578},"rotation":{"x":0.15691368281841279,"y":0.5362712740898132,"z":-0.10224518924951554,"w":0.8230055570602417},"size":9.700786590576172,"orthographic":false}