{"cameraMode":{"drawMode":0,"name":"Shaded","section":"Shading Mode"},"sceneLighting":false,"audioPlay":false,"sceneViewState":{"showFog":true,"showMaterialUpdate":false,"showSkybox":false,"showFlares":true,"showImageEffects":true,"showParticleSystems":true},"in2DMode":false,"pivot":{"x":0.0067244768142700199,"y":1.8134390115737916,"z":-0.39264965057373049},"rotation":{"x":0.14718809723854066,"y":-0.4678216278553009,"z":0.07934190332889557,"w":0.8678616881370544},"size":13.15797233581543,"orthographic":true}