{"cameraMode":{"drawMode":0,"name":"Shaded","section":"Shading Mode"},"sceneLighting":false,"audioPlay":false,"sceneViewState":{"showFog":true,"showMaterialUpdate":false,"showSkybox":false,"showFlares":true,"showImageEffects":true,"showParticleSystems":true},"in2DMode":false,"pivot":{"x":0.0067244768142700199,"y":1.8134390115737916,"z":-0.39264965057373049},"rotation":{"x":0.18624715507030488,"y":-0.3999834656715393,"z":0.08337361365556717,"w":0.893518328666687},"size":13.15797233581543,"orthographic":true}