{"cameraMode":{"drawMode":0,"name":"Shaded","section":"Shading Mode"},"sceneLighting":true,"audioPlay":false,"sceneViewState":{"showFog":true,"showMaterialUpdate":false,"showSkybox":true,"showFlares":true,"showImageEffects":true,"showParticleSystems":true},"in2DMode":false,"pivot":{"x":-1.11944580078125,"y":2.09765625,"z":0.47265625},"rotation":{"x":0.19229452311992646,"y":0.002943787956610322,"z":-0.0005772860604338348,"w":0.9813340902328491},"size":19.03443717956543,"orthographic":true}