{"cameraMode":{"drawMode":0,"name":"Shaded","section":"Shading Mode"},"sceneLighting":true,"audioPlay":false,"sceneViewState":{"showFog":true,"showMaterialUpdate":false,"showSkybox":true,"showFlares":true,"showImageEffects":true,"showParticleSystems":true},"in2DMode":false,"pivot":{"x":4.940005302429199,"y":1.1719510555267335,"z":24.378816604614259},"rotation":{"x":0.23682309687137605,"y":0.45202457904815676,"z":-0.12583182752132417,"w":0.8507382869720459},"size":89.37601470947266,"orthographic":false}