{"cameraMode":{"drawMode":0,"name":"Shaded","section":"Shading Mode"},"sceneLighting":false,"audioPlay":false,"sceneViewState":{"showFog":true,"showMaterialUpdate":false,"showSkybox":false,"showFlares":true,"showImageEffects":true,"showParticleSystems":true},"in2DMode":false,"pivot":{"x":0.0000019073486328125,"y":0.43035241961479189,"z":0.0},"rotation":{"x":0.24846193194389344,"y":-0.1317290961742401,"z":0.034126341342926028,"w":0.9590381383895874},"size":31.117210388183595,"orthographic":false}