{"cameraMode":{"drawMode":0,"name":"Shaded","section":"Shading Mode"},"sceneLighting":false,"audioPlay":false,"sceneViewState":{"showFog":true,"showMaterialUpdate":false,"showSkybox":true,"showFlares":true,"showImageEffects":true,"showParticleSystems":true},"in2DMode":false,"pivot":{"x":-4.260000228881836,"y":1.309999942779541,"z":-2.9700000286102297},"rotation":{"x":0.47524258494377139,"y":0.5049242377281189,"z":-0.40069496631622317,"w":0.5988652110099793},"size":3.500178575515747,"orthographic":false}