{"cameraMode":{"drawMode":0,"name":"Shaded","section":"Shading Mode"},"sceneLighting":true,"audioPlay":false,"sceneViewState":{"showFog":true,"showMaterialUpdate":false,"showSkybox":true,"showFlares":true,"showImageEffects":true,"showParticleSystems":true},"in2DMode":false,"pivot":{"x":-2.6656877994537355,"y":1.0704231262207032,"z":4.180476188659668},"rotation":{"x":0.7674455642700195,"y":-0.03739387169480324,"z":0.0449456050992012,"w":0.6384464502334595},"size":13.416104316711426,"orthographic":true}