{"cameraMode":{"drawMode":0,"name":"Shaded","section":"Shading Mode"},"sceneLighting":true,"audioPlay":false,"sceneViewState":{"showFog":true,"showMaterialUpdate":false,"showSkybox":true,"showFlares":true,"showImageEffects":true,"showParticleSystems":true},"in2DMode":false,"pivot":{"x":5.9367241859436039,"y":1.8134390115737916,"z":-0.30264973640441897},"rotation":{"x":0.2289506494998932,"y":-0.0023343097418546678,"z":0.0005485941073857248,"w":0.9734355211257935},"size":13.15797233581543,"orthographic":true}