{"cameraMode":{"drawMode":0,"name":"Shaded","section":"Shading Mode"},"sceneLighting":false,"audioPlay":false,"sceneViewState":{"showFog":true,"showMaterialUpdate":false,"showSkybox":false,"showFlares":true,"showImageEffects":true,"showParticleSystems":true},"in2DMode":false,"pivot":{"x":0.0067244768142700199,"y":1.8134390115737916,"z":-0.39264965057373049},"rotation":{"x":-0.20882973074913026,"y":0.3017079830169678,"z":-0.06790938228368759,"w":-0.9277722239494324},"size":13.15797233581543,"orthographic":false}