{"cameraMode":{"drawMode":0,"name":"Shaded","section":"Shading Mode"},"sceneLighting":true,"audioPlay":false,"sceneViewState":{"showFog":true,"showMaterialUpdate":false,"showSkybox":true,"showFlares":true,"showImageEffects":true,"showParticleSystems":true},"in2DMode":false,"pivot":{"x":5.226724147796631,"y":1.8201249837875367,"z":4.897350311279297},"rotation":{"x":0.14593346416950227,"y":-0.679236888885498,"z":0.14051897823810578,"w":0.7054070234298706},"size":13.15797233581543,"orthographic":true}