{"cameraMode":{"drawMode":0,"name":"Shaded","section":"Shading Mode"},"sceneLighting":false,"audioPlay":false,"sceneViewState":{"showFog":true,"showMaterialUpdate":false,"showSkybox":false,"showFlares":true,"showImageEffects":true,"showParticleSystems":true},"in2DMode":false,"pivot":{"x":0.0067244768142700199,"y":1.8134390115737916,"z":-0.39264965057373049},"rotation":{"x":0.031742412596940997,"y":-0.7078748941421509,"z":0.03187567740678787,"w":0.7049048542976379},"size":13.15797233581543,"orthographic":true}